Workbook

Sheet Claims_Data
A1: Claim_ID | B1: Accident_Year | C1: Development_Age | D1: Valuation_Year | E1: Claim_Count | F1: Incremental_Paid | G1: Cumulative_Paid | H1: Case_Reserves | I1: Cumulative_Incurred | J1: Actual_Ultimate | K1: Observed
A2: 1 | B2: 2017 | C2: 1 | D2: 2017 | E2: 1 | F2: 269.00249 | G2: 269.00249 | H2: 875.41827 | I2: 1144.4208 | J2: 1741.9799 | K2: Yes
A3: 1 | B3: 2017 | C3: 2 | D3: 2018 | E3: 1 | F3: 300.3598 | G3: 569.36229 | H3: 809.15916 | I3: 1378.5214 | J3: 1741.9799 | K3: Yes
A4: 1 | B4: 2017 | C4: 3 | D4: 2019 | E4: 1 | F4: 317.42687 | G4: 886.78916 | H4: 620.82588 | I4: 1507.615 | J4: 1741.9799 | K4: Yes
A5: 1 | B5: 2017 | C5: 4 | D5: 2020 | E5: 1 | F5: 279.88318 | G5: 1166.6723 | H5: 433.74852 | I5: 1600.4209 | J5: 1741.9799 | K5: Yes
A6: 1 | B6: 2017 | C6: 5 | D6: 2021 | E6: 1 | F6: 216.42561 | G6: 1383.0979 | H6: 298.28037 | I6: 1681.3783 | J6: 1741.9799 | K6: Yes
A7: 1 | B7: 2017 | C7: 6 | D7: 2022 | E7: 1 | F7: 115.67443 | G7: 1498.7724 | H7: 241.66158 | I7: 1740.434 | J7: 1741.9799 | K7: Yes
A8: 1 | B8: 2017 | C8: 7 | D8: 2023 | E8: 1 | F8: 74.027386 | G8: 1572.7998 | H8: 138.23674 | I8: 1711.0365 | J8: 1741.9799 | K8: Yes
A9: 1 | B9: 2017 | C9: 8 | D9: 2024 | E9: 1 | F9: 169.18011 | G9: 1741.9799 | H9: 0 | I9: 1741.9799 | J9: 1741.9799 | K9: Yes
A10: 1 | B10: 2017 | C10: 9 | D10: 2025 | E10: 1 | F10: 0 | G10: 1741.9799 | H10: 0 | I10: 1741.9799 | J10: 1741.9799 | K10: Yes
A11: 1 | B11: 2017 | C11: 10 | D11: 2026 | E11: 1 | F11: 0 | G11: 1741.9799 | H11: 0 | I11: 1741.9799 | J11: 1741.9799 | K11: Yes
A12: 2 | B12: 2017 | C12: 1 | D12: 2017 | E12: 1 | F12: 1639.5018 | G12: 1639.5018 | H12: 5269.065 | I12: 6908.5668 | J12: 10540.389 | K12: Yes
A13: 2 | B13: 2017 | C13: 2 | D13: 2018 | E13: 1 | F13: 1640.0932 | G13: 3279.595 | H13: 4924.8114 | I13: 8204.4064 | J13: 10540.389 | K13: Yes
... A11261: 1940 | B11261: 2026 | C11261: 1 | D11261: 2026 | E11261: 1 | F11261: 3906.6927 | G11261: 3906.6927 | H11261: 13086.024 | I11261: 16992.716 | J11261: 25772.078 | K11261: Yes

Sheet Paid_Triangle
A1: Cumulative Paid Loss Development Triangle
A3: Accident Year | B3: 1 | C3: 2 | D3: 3 | E3: 4 | F3: 5 | G3: 6 | H3: 7 | I3: 8 | J3: 9 | K3: 10
A4: 2017 | B4: =IF(B$3="","",IF($A4+B$3-1>2026,"",SUMIFS(Claims_Data!$G:$G,Claims_Data!$B:$B,$A4,Claims_Data!$C:$C,B$3))) -> 390333.07 | C4: =IF(C$3="","",IF($A4+C$3-1>2026,"",SUMIFS(Claims_Data!$G:$G,Claims_Data!$B:$B,$A4,Claims_Data!$C:$C,C$3))) -> 835620.29 | D4: =IF(D$3="","",IF($A4+D$3-1>2026,"",SUMIFS(Claims_Data!$G:$G,Claims_Data!$B:$B,$A4,Claims_Data!$C:$C,D$3))) -> 1301481.8 | E4: =IF(E$3="","",IF($A4+E$3-1>2026,"",SUMIFS(Claims_Data!$G:$G,Claims_Data!$B:$B,$A4,Claims_Data!$C:$C,E$3))) -> 1715398.9 | F4: =IF(F$3="","",IF($A4+F$3-1>2026,"",SUMIFS(Claims_Data!$G:$G,Claims_Data!$B:$B,$A4,Claims_Data!$C:$C,F$3))) -> 2026354.2 | G4: =IF(G$3="","",IF($A4+G$3-1>2026,"",SUMIFS(Claims_Data!$G:$G,Claims_Data!$B:$B,$A4,Claims_Data!$C:$C,G$3))) -> 2266205.3 | H4: =IF(H$3="","",IF($A4+H$3-1>2026,"",SUMIFS(Claims_Data!$G:$G,Claims_Data!$B:$B,$A4,Claims_Data!$C:$C,H$3))) -> 2412996.9 | I4: =IF(I$3="","",IF($A4+I$3-1>2026,"",SUMIFS(Claims_Data!$G:$G,Claims_Data!$B:$B,$A4,Claims_Data!$C:$C,I$3))) -> 2521125.5 | ... K4: =IF(K$3="","",IF($A4+K$3-1>2026,"",SUMIFS(Claims_Data!$G:$G,Claims_Data!$B:$B,$A4,Claims_Data!$C:$C,K$3))) -> 2587914.8
A5: 2018 | B5: =IF(B$3="","",IF($A5+B$3-1>2026,"",SUMIFS(Claims_Data!$G:$G,Claims_Data!$B:$B,$A5,Claims_Data!$C:$C,B$3))) -> 342085.31 | C5: =IF(C$3="","",IF($A5+C$3-1>2026,"",SUMIFS(Claims_Data!$G:$G,Claims_Data!$B:$B,$A5,Claims_Data!$C:$C,C$3))) -> 728924.23 | D5: =IF(D$3="","",IF($A5+D$3-1>2026,"",SUMIFS(Claims_Data!$G:$G,Claims_Data!$B:$B,$A5,Claims_Data!$C:$C,D$3))) -> 1136998.6 | E5: =IF(E$3="","",IF($A5+E$3-1>2026,"",SUMIFS(Claims_Data!$G:$G,Claims_Data!$B:$B,$A5,Claims_Data!$C:$C,E$3))) -> 1508076.5 | F5: =IF(F$3="","",IF($A5+F$3-1>2026,"",SUMIFS(Claims_Data!$G:$G,Claims_Data!$B:$B,$A5,Claims_Data!$C:$C,F$3))) -> 1776293.1 | G5: =IF(G$3="","",IF($A5+G$3-1>2026,"",SUMIFS(Claims_Data!$G:$G,Claims_Data!$B:$B,$A5,Claims_Data!$C:$C,G$3))) -> 1983247.5 | H5: =IF(H$3="","",IF($A5+H$3-1>2026,"",SUMIFS(Claims_Data!$G:$G,Claims_Data!$B:$B,$A5,Claims_Data!$C:$C,H$3))) -> 2119726 | I5: =IF(I$3="","",IF($A5+I$3-1>2026,"",SUMIFS(Claims_Data!$G:$G,Claims_Data!$B:$B,$A5,Claims_Data!$C:$C,I$3))) -> 2208984.9 | ... K5: =IF(K$3="","",IF($A5+K$3-1>2026,"",SUMIFS(Claims_Data!$G:$G,Claims_Data!$B:$B,$A5,Claims_Data!$C:$C,K$3)))
A6: 2019 | B6: =IF(B$3="","",IF($A6+B$3-1>2026,"",SUMIFS(Claims_Data!$G:$G,Claims_Data!$B:$B,$A6,Claims_Data!$C:$C,B$3))) -> 315216.13 | C6: =IF(C$3="","",IF($A6+C$3-1>2026,"",SUMIFS(Claims_Data!$G:$G,Claims_Data!$B:$B,$A6,Claims_Data!$C:$C,C$3))) -> 672813.38 | D6: =IF(D$3="","",IF($A6+D$3-1>2026,"",SUMIFS(Claims_Data!$G:$G,Claims_Data!$B:$B,$A6,Claims_Data!$C:$C,D$3))) -> 1052784.7 | E6: =IF(E$3="","",IF($A6+E$3-1>2026,"",SUMIFS(Claims_Data!$G:$G,Claims_Data!$B:$B,$A6,Claims_Data!$C:$C,E$3))) -> 1388569.4 | F6: =IF(F$3="","",IF($A6+F$3-1>2026,"",SUMIFS(Claims_Data!$G:$G,Claims_Data!$B:$B,$A6,Claims_Data!$C:$C,F$3))) -> 1647738.1 | G6: =IF(G$3="","",IF($A6+G$3-1>2026,"",SUMIFS(Claims_Data!$G:$G,Claims_Data!$B:$B,$A6,Claims_Data!$C:$C,G$3))) -> 1830311.3 | H6: =IF(H$3="","",IF($A6+H$3-1>2026,"",SUMIFS(Claims_Data!$G:$G,Claims_Data!$B:$B,$A6,Claims_Data!$C:$C,H$3))) -> 1956858.9 | I6: =IF(I$3="","",IF($A6+I$3-1>2026,"",SUMIFS(Claims_Data!$G:$G,Claims_Data!$B:$B,$A6,Claims_Data!$C:$C,I$3))) -> 2041577.5 | ... K6: =IF(K$3="","",IF($A6+K$3-1>2026,"",SUMIFS(Claims_Data!$G:$G,Claims_Data!$B:$B,$A6,Claims_Data!$C:$C,K$3)))
A7: 2020 | B7: =IF(B$3="","",IF($A7+B$3-1>2026,"",SUMIFS(Claims_Data!$G:$G,Claims_Data!$B:$B,$A7,Claims_Data!$C:$C,B$3))) -> 378715.25 | C7: =IF(C$3="","",IF($A7+C$3-1>2026,"",SUMIFS(Claims_Data!$G:$G,Claims_Data!$B:$B,$A7,Claims_Data!$C:$C,C$3))) -> 808229.13 | D7: =IF(D$3="","",IF($A7+D$3-1>2026,"",SUMIFS(Claims_Data!$G:$G,Claims_Data!$B:$B,$A7,Claims_Data!$C:$C,D$3))) -> 1260020.9 | E7: =IF(E$3="","",IF($A7+E$3-1>2026,"",SUMIFS(Claims_Data!$G:$G,Claims_Data!$B:$B,$A7,Claims_Data!$C:$C,E$3))) -> 1663391.2 | F7: =IF(F$3="","",IF($A7+F$3-1>2026,"",SUMIFS(Claims_Data!$G:$G,Claims_Data!$B:$B,$A7,Claims_Data!$C:$C,F$3))) -> 1959702.5 | G7: =IF(G$3="","",IF($A7+G$3-1>2026,"",SUMIFS(Claims_Data!$G:$G,Claims_Data!$B:$B,$A7,Claims_Data!$C:$C,G$3))) -> 2186441.6 | H7: =IF(H$3="","",IF($A7+H$3-1>2026,"",SUMIFS(Claims_Data!$G:$G,Claims_Data!$B:$B,$A7,Claims_Data!$C:$C,H$3))) -> 2341372.7 | I7: =IF(I$3="","",IF($A7+I$3-1>2026,"",SUMIFS(Claims_Data!$G:$G,Claims_Data!$B:$B,$A7,Claims_Data!$C:$C,I$3))) | ... K7: =IF(K$3="","",IF($A7+K$3-1>2026,"",SUMIFS(Claims_Data!$G:$G,Claims_Data!$B:$B,$A7,Claims_Data!$C:$C,K$3)))
A8: 2021 | B8: =IF(B$3="","",IF($A8+B$3-1>2026,"",SUMIFS(Claims_Data!$G:$G,Claims_Data!$B:$B,$A8,Claims_Data!$C:$C,B$3))) -> 230776.64 | C8: =IF(C$3="","",IF($A8+C$3-1>2026,"",SUMIFS(Claims_Data!$G:$G,Claims_Data!$B:$B,$A8,Claims_Data!$C:$C,C$3))) -> 493153.32 | D8: =IF(D$3="","",IF($A8+D$3-1>2026,"",SUMIFS(Claims_Data!$G:$G,Claims_Data!$B:$B,$A8,Claims_Data!$C:$C,D$3))) -> 769237.72 | E8: =IF(E$3="","",IF($A8+E$3-1>2026,"",SUMIFS(Claims_Data!$G:$G,Claims_Data!$B:$B,$A8,Claims_Data!$C:$C,E$3))) -> 1014477.7 | F8: =IF(F$3="","",IF($A8+F$3-1>2026,"",SUMIFS(Claims_Data!$G:$G,Claims_Data!$B:$B,$A8,Claims_Data!$C:$C,F$3))) -> 1197510 | G8: =IF(G$3="","",IF($A8+G$3-1>2026,"",SUMIFS(Claims_Data!$G:$G,Claims_Data!$B:$B,$A8,Claims_Data!$C:$C,G$3))) -> 1342918.9 | H8: =IF(H$3="","",IF($A8+H$3-1>2026,"",SUMIFS(Claims_Data!$G:$G,Claims_Data!$B:$B,$A8,Claims_Data!$C:$C,H$3))) | I8: =IF(I$3="","",IF($A8+I$3-1>2026,"",SUMIFS(Claims_Data!$G:$G,Claims_Data!$B:$B,$A8,Claims_Data!$C:$C,I$3))) | ... K8: =IF(K$3="","",IF($A8+K$3-1>2026,"",SUMIFS(Claims_Data!$G:$G,Claims_Data!$B:$B,$A8,Claims_Data!$C:$C,K$3)))
A9: 2022 | B9: =IF(B$3="","",IF($A9+B$3-1>2026,"",SUMIFS(Claims_Data!$G:$G,Claims_Data!$B:$B,$A9,Claims_Data!$C:$C,B$3))) -> 372869.91 | C9: =IF(C$3="","",IF($A9+C$3-1>2026,"",SUMIFS(Claims_Data!$G:$G,Claims_Data!$B:$B,$A9,Claims_Data!$C:$C,C$3))) -> 795174.7 | D9: =IF(D$3="","",IF($A9+D$3-1>2026,"",SUMIFS(Claims_Data!$G:$G,Claims_Data!$B:$B,$A9,Claims_Data!$C:$C,D$3))) -> 1242016.3 | E9: =IF(E$3="","",IF($A9+E$3-1>2026,"",SUMIFS(Claims_Data!$G:$G,Claims_Data!$B:$B,$A9,Claims_Data!$C:$C,E$3))) -> 1640045.6 | F9: =IF(F$3="","",IF($A9+F$3-1>2026,"",SUMIFS(Claims_Data!$G:$G,Claims_Data!$B:$B,$A9,Claims_Data!$C:$C,F$3))) -> 1936041.2 | G9: =IF(G$3="","",IF($A9+G$3-1>2026,"",SUMIFS(Claims_Data!$G:$G,Claims_Data!$B:$B,$A9,Claims_Data!$C:$C,G$3))) | H9: =IF(H$3="","",IF($A9+H$3-1>2026,"",SUMIFS(Claims_Data!$G:$G,Claims_Data!$B:$B,$A9,Claims_Data!$C:$C,H$3))) | I9: =IF(I$3="","",IF($A9+I$3-1>2026,"",SUMIFS(Claims_Data!$G:$G,Claims_Data!$B:$B,$A9,Claims_Data!$C:$C,I$3))) | ... K9: =IF(K$3="","",IF($A9+K$3-1>2026,"",SUMIFS(Claims_Data!$G:$G,Claims_Data!$B:$B,$A9,Claims_Data!$C:$C,K$3)))
A10: 2023 | B10: =IF(B$3="","",IF($A10+B$3-1>2026,"",SUMIFS(Claims_Data!$G:$G,Claims_Data!$B:$B,$A10,Claims_Data!$C:$C,B$3))) -> 357793.47 | C10: =IF(C$3="","",IF($A10+C$3-1>2026,"",SUMIFS(Claims_Data!$G:$G,Claims_Data!$B:$B,$A10,Claims_Data!$C:$C,C$3))) -> 758422.09 | D10: =IF(D$3="","",IF($A10+D$3-1>2026,"",SUMIFS(Claims_Data!$G:$G,Claims_Data!$B:$B,$A10,Claims_Data!$C:$C,D$3))) -> 1185120.8 | E10: =IF(E$3="","",IF($A10+E$3-1>2026,"",SUMIFS(Claims_Data!$G:$G,Claims_Data!$B:$B,$A10,Claims_Data!$C:$C,E$3))) -> 1573955.6 | F10: =IF(F$3="","",IF($A10+F$3-1>2026,"",SUMIFS(Claims_Data!$G:$G,Claims_Data!$B:$B,$A10,Claims_Data!$C:$C,F$3))) | G10: =IF(G$3="","",IF($A10+G$3-1>2026,"",SUMIFS(Claims_Data!$G:$G,Claims_Data!$B:$B,$A10,Claims_Data!$C:$C,G$3))) | H10: =IF(H$3="","",IF($A10+H$3-1>2026,"",SUMIFS(Claims_Data!$G:$G,Claims_Data!$B:$B,$A10,Claims_Data!$C:$C,H$3))) | I10: =IF(I$3="","",IF($A10+I$3-1>2026,"",SUMIFS(Claims_Data!$G:$G,Claims_Data!$B:$B,$A10,Claims_Data!$C:$C,I$3))) | ... K10: =IF(K$3="","",IF($A10+K$3-1>2026,"",SUMIFS(Claims_Data!$G:$G,Claims_Data!$B:$B,$A10,Claims_Data!$C:$C,K$3)))
A11: 2024 | B11: =IF(B$3="","",IF($A11+B$3-1>2026,"",SUMIFS(Claims_Data!$G:$G,Claims_Data!$B:$B,$A11,Claims_Data!$C:$C,B$3))) -> 305879.31 | C11: =IF(C$3="","",IF($A11+C$3-1>2026,"",SUMIFS(Claims_Data!$G:$G,Claims_Data!$B:$B,$A11,Claims_Data!$C:$C,C$3))) -> 651246.43 | D11: =IF(D$3="","",IF($A11+D$3-1>2026,"",SUMIFS(Claims_Data!$G:$G,Claims_Data!$B:$B,$A11,Claims_Data!$C:$C,D$3))) -> 1018405.5 | E11: =IF(E$3="","",IF($A11+E$3-1>2026,"",SUMIFS(Claims_Data!$G:$G,Claims_Data!$B:$B,$A11,Claims_Data!$C:$C,E$3))) | F11: =IF(F$3="","",IF($A11+F$3-1>2026,"",SUMIFS(Claims_Data!$G:$G,Claims_Data!$B:$B,$A11,Claims_Data!$C:$C,F$3))) | G11: =IF(G$3="","",IF($A11+G$3-1>2026,"",SUMIFS(Claims_Data!$G:$G,Claims_Data!$B:$B,$A11,Claims_Data!$C:$C,G$3))) | H11: =IF(H$3="","",IF($A11+H$3-1>2026,"",SUMIFS(Claims_Data!$G:$G,Claims_Data!$B:$B,$A11,Claims_Data!$C:$C,H$3))) | I11: =IF(I$3="","",IF($A11+I$3-1>2026,"",SUMIFS(Claims_Data!$G:$G,Claims_Data!$B:$B,$A11,Claims_Data!$C:$C,I$3))) | ... K11: =IF(K$3="","",IF($A11+K$3-1>2026,"",SUMIFS(Claims_Data!$G:$G,Claims_Data!$B:$B,$A11,Claims_Data!$C:$C,K$3)))
A12: 2025 | B12: =IF(B$3="","",IF($A12+B$3-1>2026,"",SUMIFS(Claims_Data!$G:$G,Claims_Data!$B:$B,$A12,Claims_Data!$C:$C,B$3))) -> 369480.31 | C12: =IF(C$3="","",IF($A12+C$3-1>2026,"",SUMIFS(Claims_Data!$G:$G,Claims_Data!$B:$B,$A12,Claims_Data!$C:$C,C$3))) -> 786511.66 | D12: =IF(D$3="","",IF($A12+D$3-1>2026,"",SUMIFS(Claims_Data!$G:$G,Claims_Data!$B:$B,$A12,Claims_Data!$C:$C,D$3))) | E12: =IF(E$3="","",IF($A12+E$3-1>2026,"",SUMIFS(Claims_Data!$G:$G,Claims_Data!$B:$B,$A12,Claims_Data!$C:$C,E$3))) | F12: =IF(F$3="","",IF($A12+F$3-1>2026,"",SUMIFS(Claims_Data!$G:$G,Claims_Data!$B:$B,$A12,Claims_Data!$C:$C,F$3))) | G12: =IF(G$3="","",IF($A12+G$3-1>2026,"",SUMIFS(Claims_Data!$G:$G,Claims_Data!$B:$B,$A12,Claims_Data!$C:$C,G$3))) | H12: =IF(H$3="","",IF($A12+H$3-1>2026,"",SUMIFS(Claims_Data!$G:$G,Claims_Data!$B:$B,$A12,Claims_Data!$C:$C,H$3))) | I12: =IF(I$3="","",IF($A12+I$3-1>2026,"",SUMIFS(Claims_Data!$G:$G,Claims_Data!$B:$B,$A12,Claims_Data!$C:$C,I$3))) | ... K12: =IF(K$3="","",IF($A12+K$3-1>2026,"",SUMIFS(Claims_Data!$G:$G,Claims_Data!$B:$B,$A12,Claims_Data!$C:$C,K$3)))
A13: 2026 | B13: =IF(B$3="","",IF($A13+B$3-1>2026,"",SUMIFS(Claims_Data!$G:$G,Claims_Data!$B:$B,$A13,Claims_Data!$C:$C,B$3))) -> 411041.16 | C13: =IF(C$3="","",IF($A13+C$3-1>2026,"",SUMIFS(Claims_Data!$G:$G,Claims_Data!$B:$B,$A13,Claims_Data!$C:$C,C$3))) | D13: =IF(D$3="","",IF($A13+D$3-1>2026,"",SUMIFS(Claims_Data!$G:$G,Claims_Data!$B:$B,$A13,Claims_Data!$C:$C,D$3))) | E13: =IF(E$3="","",IF($A13+E$3-1>2026,"",SUMIFS(Claims_Data!$G:$G,Claims_Data!$B:$B,$A13,Claims_Data!$C:$C,E$3))) | F13: =IF(F$3="","",IF($A13+F$3-1>2026,"",SUMIFS(Claims_Data!$G:$G,Claims_Data!$B:$B,$A13,Claims_Data!$C:$C,F$3))) | G13: =IF(G$3="","",IF($A13+G$3-1>2026,"",SUMIFS(Claims_Data!$G:$G,Claims_Data!$B:$B,$A13,Claims_Data!$C:$C,G$3))) | H13: =IF(H$3="","",IF($A13+H$3-1>2026,"",SUMIFS(Claims_Data!$G:$G,Claims_Data!$B:$B,$A13,Claims_Data!$C:$C,H$3))) | I13: =IF(I$3="","",IF($A13+I$3-1>2026,"",SUMIFS(Claims_Data!$G:$G,Claims_Data!$B:$B,$A13,Claims_Data!$C:$C,I$3))) | ... K13: =IF(K$3="","",IF($A13+K$3-1>2026,"",SUMIFS(Claims_Data!$G:$G,Claims_Data!$B:$B,$A13,Claims_Data!$C:$C,K$3)))

Sheet Paid_Factors
A1: Development Age | B1: Development Period | C1: Age-to-Age Factor | D1: Cumulative Development Factor (CDF) | E1: Development Age
A2: 1 | B2: ="Yr "&(ROW()-1)&" to Yr "&ROW() -> Yr 1 to Yr 2 | C2: =SUM(Paid_Triangle!C4:C12)/SUM(Paid_Triangle!B4:B12) -> 2.1318239 | D2: =D3*C2 -> 6.6308875
A3: 2 | B3: ="Yr "&(ROW()-1)&" to Yr "&ROW() -> Yr 2 to Yr 3 | C3: =SUM(Paid_Triangle!D4:D11)/SUM(Paid_Triangle!C4:C11) -> 1.5610579 | D3: =D4*C3 -> 3.1104292
A4: 3 | B4: ="Yr "&(ROW()-1)&" to Yr "&ROW() -> Yr 3 to Yr 4 | C4: =SUM(Paid_Triangle!E4:E10)/SUM(Paid_Triangle!D4:D10) -> 1.321636 | D4: =D5*C4 -> 1.9925137
A5: 4 | B5: ="Yr "&(ROW()-1)&" to Yr "&ROW() -> Yr 4 to Yr 5 | C5: =SUM(Paid_Triangle!F4:F9)/SUM(Paid_Triangle!E4:E9) -> 1.1807041 | D5: =D6*C5 -> 1.5076116
A6: 5 | B6: ="Yr "&(ROW()-1)&" to Yr "&ROW() -> Yr 5 to Yr 6 | C6: =SUM(Paid_Triangle!G4:G8)/SUM(Paid_Triangle!F4:F8) -> 1.1163538 | D6: =D7*C6 -> 1.276875
A7: 6 | B7: ="Yr "&(ROW()-1)&" to Yr "&ROW() -> Yr 6 to Yr 7 | C7: =SUM(Paid_Triangle!H4:H7)/SUM(Paid_Triangle!G4:G7) -> 1.0683202 | D7: =D8*C7 -> 1.1437907
A8: 7 | B8: ="Yr "&(ROW()-1)&" to Yr "&ROW() -> Yr 7 to Yr 8 | C8: =SUM(Paid_Triangle!I4:I6)/SUM(Paid_Triangle!H4:H6) -> 1.0434706 | D8: =D9*C8 -> 1.070644
A9: 8 | B9: ="Yr "&(ROW()-1)&" to Yr "&ROW() -> Yr 8 to Yr 9 | C9: =SUM(Paid_Triangle!J4:J5)/SUM(Paid_Triangle!I4:I5) -> 1.0175911 | D9: =D10*C9 -> 1.0260414
A10: 9 | B10: ="Yr "&(ROW()-1)&" to Yr "&ROW() -> Yr 9 to Yr 10 | C10: =Paid_Triangle!K4/Paid_Triangle!J4 -> 1.0083042 | D10: =D11*C10 -> 1.0083042
A11: 10 | B11: No further development | C11: 1 | D11: 1

Sheet Reserve_Forecast
A1: Accident Year(AY) | B1: Latest Development Age | C1: Latest Cumulative Paid | D1: Cumulative Development Factor | E1: Estimated Ultimate Losses (EUL) | F1: Estimated Unpaid Reserve
A2: 2017 | B2: =COUNT(Paid_Triangle!B4:K4) -> 10 | C2: {=LOOKUP(2,1/(Paid_Triangle!B4:K4<>""), Paid_Triangle!B4:K4)} -> 2587914.8 | D2: {=INDEX(Paid_Factors!$D$2:$D$11,Reserve_Forecast!$B2)} -> 1 | E2: =C2*D2 -> 2587914.8 | F2: =E2-C2 -> 0
A3: 2018 | B3: =COUNT(Paid_Triangle!B5:K5) -> 9 | C3: {=LOOKUP(3,1/(Paid_Triangle!B5:K5<>""), Paid_Triangle!B5:K5)} -> 2246717.2 | D3: {=INDEX(Paid_Factors!$D$2:$D$11,Reserve_Forecast!$B3)} -> 1.0083042 | E3: =C3*D3 -> 2265374.3 | F3: =E3-C3 -> 18657.195
A4: 2019 | B4: =COUNT(Paid_Triangle!B6:K6) -> 8 | C4: {=LOOKUP(4,1/(Paid_Triangle!B6:K6<>""), Paid_Triangle!B6:K6)} -> 2041577.5 | D4: {=INDEX(Paid_Factors!$D$2:$D$11,Reserve_Forecast!$B4)} -> 1.0260414 | E4: =C4*D4 -> 2094743 | F4: =E4-C4 -> 53165.544
A5: 2020 | B5: =COUNT(Paid_Triangle!B7:K7) -> 7 | C5: {=LOOKUP(5,1/(Paid_Triangle!B7:K7<>""), Paid_Triangle!B7:K7)} -> 2341372.7 | D5: {=INDEX(Paid_Factors!$D$2:$D$11,Reserve_Forecast!$B5)} -> 1.070644 | E5: =C5*D5 -> 2506776.7 | F5: =E5-C5 -> 165404.01
A6: 2021 | B6: =COUNT(Paid_Triangle!B8:K8) -> 6 | C6: {=LOOKUP(6,1/(Paid_Triangle!B8:K8<>""), Paid_Triangle!B8:K8)} -> 1342918.9 | D6: {=INDEX(Paid_Factors!$D$2:$D$11,Reserve_Forecast!$B6)} -> 1.1437907 | E6: =C6*D6 -> 1536018.1 | F6: =E6-C6 -> 193099.2
A7: 2022 | B7: =COUNT(Paid_Triangle!B9:K9) -> 5 | C7: {=LOOKUP(7,1/(Paid_Triangle!B9:K9<>""), Paid_Triangle!B9:K9)} -> 1936041.2 | D7: {=INDEX(Paid_Factors!$D$2:$D$11,Reserve_Forecast!$B7)} -> 1.276875 | E7: =C7*D7 -> 2472082.7 | F7: =E7-C7 -> 536041.5
A8: 2023 | B8: =COUNT(Paid_Triangle!B10:K10) -> 4 | C8: {=LOOKUP(8,1/(Paid_Triangle!B10:K10<>""), Paid_Triangle!B10:K10)} -> 1573955.6 | D8: {=INDEX(Paid_Factors!$D$2:$D$11,Reserve_Forecast!$B8)} -> 1.5076116 | E8: =C8*D8 -> 2372913.6 | F8: =E8-C8 -> 798958.04
A9: 2024 | B9: =COUNT(Paid_Triangle!B11:K11) -> 3 | C9: {=LOOKUP(9,1/(Paid_Triangle!B11:K11<>""), Paid_Triangle!B11:K11)} -> 1018405.5 | D9: {=INDEX(Paid_Factors!$D$2:$D$11,Reserve_Forecast!$B9)} -> 1.9925137 | E9: =C9*D9 -> 2029187 | F9: =E9-C9 -> 1010781.5
A10: 2025 | B10: =COUNT(Paid_Triangle!B12:K12) -> 2 | C10: {=LOOKUP(10,1/(Paid_Triangle!B12:K12<>""), Paid_Triangle!B12:K12)} -> 786511.66 | D10: {=INDEX(Paid_Factors!$D$2:$D$11,Reserve_Forecast!$B10)} -> 3.1104292 | E10: =C10*D10 -> 2446388.9 | F10: =E10-C10 -> 1659877.2
A11: 2026 | B11: =COUNT(Paid_Triangle!B13:K13) -> 1 | C11: {=LOOKUP(11,1/(Paid_Triangle!B13:K13<>""), Paid_Triangle!B13:K13)} -> 411041.16 | D11: {=INDEX(Paid_Factors!$D$2:$D$11,Reserve_Forecast!$B11)} -> 6.6308875 | E11: =C11*D11 -> 2725567.7 | F11: =E11-C11 -> 2314526.5
A12: Totals | C12: =SUM(C2:C11) -> 16286456 | E12: =SUM(E2:E11) -> 23036967 | F12: =SUM(F2:F11) -> 6750510.7
